providedTaxonId	providedTaxonName	resolvedTaxonId	resolvedTaxonName
	Bean leafroll virus (BLRV)	NCBITaxon:12041	Bean leafroll virus
	Homo sapiens	NCBITaxon:9606	Homo sapiens
NCBITaxon:100880	Northern cereal mosaic virus	NCBITaxon:1985704	Northern cereal mosaic cytorhabdovirus
NCBITaxon:115135	Phoma epicoccina Punith.	NCBITaxon:105696	Epicoccum nigrum
NCBITaxon:11613	Tomato spotted wilt virus	NCBITaxon:1933298	Tomato spotted wilt orthotospovirus
NCBITaxon:117550	Valsa ceratosperma (Tode	NCBITaxon:1928361	Cytospora ceratosperma
NCBITaxon:161656	Mycosphaerella brassicicola (Duby) Lindau in Engl. and Prantl	NCBITaxon:1873267	Neopseudocercosporella brassicae
NCBITaxon:1631748	Rigidoporus lineatus (Pers.) Ryvarden	NCBITaxon:2056292	Physisporinus lineatus
NCBITaxon:172187	Schizoparme straminea Shear	NCBITaxon:1904844	Coniella straminea
NCBITaxon:237468	Pseudocercosporella capsellae (Ellis and Everh.) Deighton	NCBITaxon:1873268	Neopseudocercosporella capsellae
NCBITaxon:251304	Pilidiella quercicola (Oudem.) Petr.	NCBITaxon:1904842	Coniella quercicola
NCBITaxon:33177	Pleospora herbarum (Pers.) Rabenh.	NCBITaxon:119933	Stemphylium vesicarium
NCBITaxon:348105	Rhizoctonia bataticola (Taubenhaus) E.J. Butler	NCBITaxon:35725	Macrophomina phaseolina
NCBITaxon:406835	Oxyporus corticola (Fr.	NCBITaxon:2056301	Rigidoporus corticola
NCBITaxon:509221	Cytospora chrysosperma (Pers.	NCBITaxon:252740	Valsa sordida
NCBITaxon:522267	Melanconium juglandinum Kunze [anamorph]	NCBITaxon:1940567	Juglanconis juglandina
NCBITaxon:547107	Ascochyta lentis Bond. & Vassil.	NCBITaxon:205686	Ascochyta lentis
NCBITaxon:62969	Myrothecium roridum Tode	NCBITaxon:1859971	Paramyrothecium roridum
NCBITaxon:648926	Veronaea musae Stahel ex M. B. Ellis	NCBITaxon:2059773	Zasmidium musigenum
NCBITaxon:656083	Barley yellow striate mosaic virus	NCBITaxon:1985699	Barley yellow striate mosaic cytorhabdovirus
NCBITaxon:75795	Oxyporus latemarginatus (Durieu & Mont.) Donk	NCBITaxon:1931354	Emmia latemarginata
	Glycine max [L.] Merr.	NCBITaxon:3847	Glycine max
	Beet curly top virus (BCTV)	NCBITaxon:10840 	Beet curly top virus
	Beet curly top geminivirus	NCBITaxon:10840 	Beet curly top virus
	Beet Western yellows virus	NCBITaxon:12042	Beet western yellows virus
	whole plant	PO:0000003	whole plant
	Absidia spp.	NCBITaxon:4828	Absidia
	Acetobacter aceti (Pasteur) DeLey & Frateur	NCBITaxon:435	Acetobacter aceti
	Acetobacter peroxydans Visser't Hooft	NCBITaxon:104098	Acetobacter peroxydans
	Acetobacter spp. (bacteria)	NCBITaxon:434	Acetobacter
	Acetobacter spp.	NCBITaxon:434	Acetobacter
	Acidovorax avenae (Manns) Willems et al. subsp. avenae (Manns	NCBITaxon:80870	Acidovorax avenae avenae
	Acidovorax avenae (Manns) Willems et al. subsp. avenae (Manns) Willems et al. comb. nov.	NCBITaxon:80870	Acidovorax avenae avenae
	Acidovorax avenae subsp. avenae (Manns) Willems et al.	NCBITaxon:80870	Acidovorax avenae avenae
	Acidovorax citrulli Schaad et al.	NCBITaxon:80869	Acidovorax citrulli
	Acremonium sp.	NCBITaxon:1835592	Acremonium
	Acrocalymma vagum (D. F. Farr) Crous & Trakun.	NCBITaxon:1589764	Acrocalymma vagum
	Acrophialophora fusispora (Saksena) M. B. Ellis	NCBITaxon:391091	Acrophialophora fusispora
	Agrobacterium rhizogenes (Riker et al. 1930) Conn 1942	NCBITaxon:359	Agrobacterium rhizogenes
	Agrobacterium rhizogenes (Riker et al. 1930) Conn 1942 (rare)	NCBITaxon:359	Agrobacterium rhizogenes
	Agrobacterium rhizogenes (Riker et al.) Conn	NCBITaxon:359	Agrobacterium rhizogenes
	Agrobacterium rubi (Hildebrand 1940) Starr and Weiss 1943	NCBITaxon:28099	Agrobacterium rubi
	Agrobacterium rubi (Hildebrand) Starr & Weiss	NCBITaxon:28099	Agrobacterium rubi
	Agrobacterium tumefaciens (Smith & Townshend) Conn	NCBITaxon:358	Agrobacterium tumefaciens
	Agrobacterium vitis (Ophel & Kerr 1990)	NCBITaxon:373	Agrobacterium vitis
	Albugo occidentalis G. W. Wilson	NCBITaxon:226325	Albugo occidentalis
	Allantophomopsis lycopodina (Höhn.) Carris	NCBITaxon:334518	Allantophomopsis lycopodina
	Alternaria alternata (Fr.) Keissl.	NCBITaxon:187734	Alternaria alternata
	Alternaria cucumerina (Ellis & Everh.) J. A. Elliott	NCBITaxon:283358	Alternaria cucumerina
	Alternaria geophila Deszew.	NCBITaxon:1579461	Alternaria geophila
	Alternaria leucanthemi Nelen	NCBITaxon:167737	Alternaria leucanthemi
	Alternaria limicola E. G. Simmons & M. E. Palm	NCBITaxon:232087	Alternaria limicola
	Alternaria padwickii (Ganguly) M. B. Ellis	NCBITaxon:714880	Alternaria padwickii
	Alternaria protenta E. G. Simmons	NCBITaxon:160390	Alternaria protenta
	Alternaria radicina Meier	NCBITaxon:119925	Alternaria radicina
	Alternaria smyrnii (P. Crouan) E. G. Simmons)	NCBITaxon:119926	Alternaria smyrnii
	Alternaria sonchi Davis	NCBITaxon:283360	Alternaria sonchi
	Alternariaster helianthi (Hansf.) E. G. Simmons	NCBITaxon:1342371	Alternariaster helianthi
	Alternaria tenuissima (Kunze) Wiltshire	NCBITaxon:119927	Alternaria tenuissima
	Alternaria tenuissima (Nees & T. Nees	NCBITaxon:119927	Alternaria tenuissima
	Ammonia (NH3) release from fertilizing practices	NCBITaxon:29189	Ammonia
	Amycosphaerella africana (Crous & M. J. Wingf.) Quaedvl. & Crous (syn. Mycosphaerella africana Crous & M. J. Wingf.)	NCBITaxon:1431932	Amycosphaerella africana
	Aphanomyces cladogamus Drechs.	NCBITaxon:253176	Aphanomyces cladogamus
	Aphanomyces cochlioides Drechsler	NCBITaxon:112091	Aphanomyces cochlioides
	Apium virus Y	NCBITaxon:168135	Potyvirus
	Aristastoma guttulosum B. Sutton	NCBITaxon:1090493	Aristastoma guttulosum
	Armillaria fuscipes Petch	NCBITaxon:108572	Armillaria fuscipes
	Armillaria gallica Marxm. & Romagn.	NCBITaxon:47427	Armillaria gallica
	Armillaria heimii Pegler	NCBITaxon:108573	Armillaria heimii
	Armillaria ostoyae (Romagn.) Herink	NCBITaxon:47428	Armillaria ostoyae
	Ascochyta boni-henrici)	NCBITaxon:5453	Ascochyta
	Ascochyta pisi Lib.	NCBITaxon:749586	Ascochyta pisi
	Ascochyta rabiei (Pass.) Labr.	NCBITaxon:5454	Ascochyta rabiei
	Ascochyta sorghi Sacc.	NCBITaxon:1430313	Ascochyta sorghi
	Aspergillus candidus Link	NCBITaxon:41067	Aspergillus candidus
	Aspergillus carbonarius (Bainier) Thom	NCBITaxon:40993	Aspergillus carbonarius
	Aspergillus fumigatus Fresen.	NCBITaxon:746128	Aspergillus fumigatus
	Aspergillus glaucus (L.) Link	NCBITaxon:41413	Aspergillus glaucus
	Aspergillus niger van Tiegh.	NCBITaxon:5061	Aspergillus niger
	Aspergillus ochraceus G. Wilh.	NCBITaxon:40380	Aspergillus ochraceus
	Aspergillus oryzae (Ahlb.) Cohn	NCBITaxon:5062	Aspergillus oryzae
	Aspergillus parasiticus Speare	NCBITaxon:5067	Aspergillus parasiticus
	Aspergillus restrictus G. Sm.	NCBITaxon:5064	Aspergillus restrictus
	Aspergillus tamarii Kita	NCBITaxon:41984	Aspergillus tamarii
	Aspergillus versicolor (Vuill.) Tirab.	NCBITaxon:46472	Aspergillus versicolor
	Aspergillus wentii Wehmer	NCBITaxon:5066	Aspergillus wentii
	Athelia rolfsii (C.C. Curzi) Tu & Kimbr.	NCBITaxon:39291	Athelia rolfsii
	Athelia rolfsii (Curzi) Tu & Kimbr.	NCBITaxon:39291	Athelia rolfsii
	Athelia rolfsii [Curzi] Tu & Kimbrough	NCBITaxon:39291	Athelia rolfsii
	Aureobasidium zeae (Narita & Y. Hirats.) Dingley	NCBITaxon:1592451	Aureobasidium zeae
	Bacteria	NCBITaxon:2	Bacteria
	Bacterium (unidentified)	NCBITaxon:1491714	Bacterium
	Bakernema inaequale (Taylor) Mehta & Raski	NCBITaxon:869712	Bakernema inaequale
	Barley yellow dwarf virus-MAV	NCBITaxon:12038	Luteovirus
	Barley yellow dwarf virus-PAV	NCBITaxon:12040	Luteovirus
	Bean leafroll virus	NCBITaxon:12041	Luteovirus
	Beet chlorosis virus	NCBITaxon:131082	Polerovirus
	Beet mild yellowing virus	NCBITaxon:156690	Polerovirus
	Beet soil-borne virus	NCBITaxon:46436	Pomovirus
	Beet virus Q	NCBITaxon:71972	Pomovirus
	Bipolaris cookei (Sacc.) Shoemaker	NCBITaxon:74410	Bipolaris cookei
	Bipolaris maydis (Y. Nisik. & C. Miyake) Shoemaker	NCBITaxon:5016	Bipolaris maydis
	Bipolaris oryzae (Breda de Haan) Shoemaker	NCBITaxon:101162	Bipolaris oryzae
	Bipolaris setariae (Saw.) Shoem	NCBITaxon:74419	Bipolaris setariae
	Bipolaris sorghicola (Lefebvre & Sherwin) Alcorn	NCBITaxon:95732	Bipolaris sorghicola
	Bipolaris spp.	NCBITaxon:33194	Bipolaris
	Bipolaris zeicola (G. L. Stout) Shoemaker	NCBITaxon:5017	Bipolaris zeicola
	Boeremia exigua (Desm.) Aveskamp	NCBITaxon:749465	Boeremia exigua
	Boeremia exigua var. exigua (Desm.) Aveskamp et al.	NCBITaxon:79605	Boeremia exigua exigua
	Boeremia exigua var. exigua (Desm.) Aveskamp	NCBITaxon:79605	Boeremia exigua exigua
	Botryosphaeria corticis (Demaree & M. S. Wilcox) Arx & E. Müll.	NCBITaxon:120389	Botryosphaeria corticis
	Botryosphaeria dothidea (Moug. ex Fr.) Ces. & de Not.	NCBITaxon:55169	Botryosphaeria dothidea
	Botryosphaeria vaccinii (Shear) M. E. Barr	NCBITaxon:120392	Botryosphaeria vaccinii
	Broad bean true mosaic virus	NCBITaxon:649890	Comovirus
	Broad bean wilt virus 1	NCBITaxon:50817	Fabavirus
	Broad bean wilt virus 2	NCBITaxon:76875	Fabavirus
	Buckland Valley grapevine yellows phytoplasma	NCBITaxon:190869	Buckland
	Burkholderia gladioli (Severini) Yabuuchi et al.	NCBITaxon:28095	Burkholderia gladioli
	Burkholderia glumae (Kurita & Tabei) Urakami et al.	NCBITaxon:337	Burkholderia glumae
	Burkholderia plantarii (Azegami et al.) Urakami et al. comb. nov.	NCBITaxon:41899	Burkholderia plantarii
	Cadophora gregata (Allington & D. W. Chamb.) T. C. Harr. & McNew	NCBITaxon:51156	Cadophora gregata
	Calonectria colhounii Peerally	NCBITaxon:131350	Calonectria colhounii
	Calonectria pyrochroa (Desmaz.) Sacc.	NCBITaxon:57139	Calonectria pyrochroa
	Calonectria quinqueseptata Figueiredo & Namekata	NCBITaxon:165069	Calonectria quinqueseptata
	Campylocarpon fasciculare Schroers	NCBITaxon:307939	Campylocarpon fasciculare
	Campylocarpon pseudofasciculare Halleen	NCBITaxon:307969	Campylocarpon pseudofasciculare
	Candida sp.	NCBITaxon:742133	Candida
	Candidatus Phytoplasma asteri	NCBITaxon:1462422	Candidatus
	Candidatus Phytoplasma	NCBITaxon:1462422	Candidatus
	Candidatus Phytoplasma oryzae	NCBITaxon:1462422	Candidatus
	Capsicum chlorosis virus	NCBITaxon:163325	Tospoviridae
	Capsicum L.	NCBITaxon:4071	Capsicum
	Cephaleuros parasiticus Karsten	NCBITaxon:173370	Cephaleuros parasiticus
	Cephaleuros virescens Kunze ex Fries	NCBITaxon:173371	Cephaleuros virescens
	Cercospora capsici Heald & Wolf	NCBITaxon:438341	Cercospora capsici
	Cercospora kikuchii (T. Matsumoto & Tomoy.) M. W. Gardner	NCBITaxon:84275	Cercospora kikuchii
	Cercospora lactucae-sativae Sawada	NCBITaxon:357752	Cercospora lactucae-sativae
	Cercospora longissima Cugini ex Trav.	NCBITaxon:1150412	Cercospora longissima
	Cercospora sojina Hara	NCBITaxon:438356	Cercospora sojina
	Cercospora sorghi Ellis & Everh.	NCBITaxon:135778	Cercospora sorghi
	Cercospora zeae-maydis Tehon & E. Y. Daniels	NCBITaxon:135779	Cercospora zeae-maydis
	Cercospora zeina Crous & U. Braun	NCBITaxon:348901	Cercospora zeina
	Cereal yellow dwarf virus-RPV	NCBITaxon:191217	Polerovirus
	Chaetomium elatum Kunze	NCBITaxon:5150	Chaetomium elatum
	Chaetomium spp.	NCBITaxon:5149	Chaetomium
	Choanephora infundibulifera (Curr.) Sacc.	NCBITaxon:127959	Choanephora infundibulifera
	Citrullus, Cucumis, Cucurbita spp. and  s	NCBITaxon:3653	Citrullus
	Citrus bark cracking viroid	NCBITaxon:12898	Cocadviroid
	Citrus exocortis viroid	NCBITaxon:12890	Pospiviroid
	Citrus leprosis virus	NCBITaxon:242130	Rhabdoviridae
	Citrus psorosis virus	NCBITaxon:73561	Ophiovirus
	Citrus sudden death-associated virus	NCBITaxon:312008	Marafivirus
	Citrus yellow mosaic virus	NCBITaxon:174178	Badnavirus
	Cladosporium cladosporioides (Fres.) de Vries	NCBITaxon:29917	Cladosporium cladosporioides
	Cladosporium cladosporioides (Fresen.) G.A. de Vries	NCBITaxon:29917	Cladosporium cladosporioides
	Cladosporium cucumerinum Ellis & Arthur	NCBITaxon:166633	Cladosporium cucumerinum
	Cladosporium oxysporum Berk. & M.A. Curtis	NCBITaxon:29919	Cladosporium oxysporum
	Cladosporium variabile (Cooke) G. A. de Vries (syn.	NCBITaxon:219599	Cladosporium variabile
	Clavibacter michiganensis (Smith) Davis et al. subsp. nebraskensis (Vidaver & Mandel) Davis et al.	NCBITaxon:31963	Clavibacter michiganensis nebraskensis
	Clavibacter michiganensis subsp. michiganensis (Smith) Davis et al.	NCBITaxon:33013	Clavibacter michiganensis michiganensis
	Claviceps africana Frederickson	NCBITaxon:83212	Claviceps africana
	Claviceps fusiformis Loveless	NCBITaxon:40602	Claviceps fusiformis
	Claviceps gigantea S. F. Fuentes	NCBITaxon:89175	Claviceps gigantea
	Clonostachys rosea (Link.	NCBITaxon:29856	Clonostachys rosea
	Colletotrichum acutatum sensu lato J. H. Simmonds	NCBITaxon:27357	Colletotrichum acutatum
	Colletotrichum camelliae Massee)	NCBITaxon:538528	Colletotrichum camelliae
	Colletotrichum capsici (Syd.) E. J. Butler & Bisby	NCBITaxon:5456	Colletotrichum capsici
	Colletotrichum chlorophyti S. Chandra & Tandon	NCBITaxon:708187	Colletotrichum chlorophyti
	Colletotrichum crassipes (Speg.) v. Arx	NCBITaxon:218121	Colletotrichum crassipes
	Colletotrichum dematium (Pers.) Grove (syn.	NCBITaxon:34405	Colletotrichum dematium
	Colletotrichum fioriniae (J. A. P. Marcelino & S. Gouli) R. G. Shivas & Y. P. Tan	NCBITaxon:710243	Colletotrichum fioriniae
	Colletotrichum gloeosporioides (Penz.) Penz. & Sacc. (syn. Glomerella cingulata (Stoneman) Spauld. & H. Schrenk)	NCBITaxon:474922	Colletotrichum gloeosporioides
	Colletotrichum graminicola (Ces.) G. W. Wilson	NCBITaxon:31870	Colletotrichum graminicola
	Colletotrichum lagenaria (Pass.) Ellis & Halst.	NCBITaxon:5462	Colletotrichum lagenaria
	Colletotrichum magnum (S. F. Jenkins & Winstead) Rossman & W. C. Allen (on fruit)	NCBITaxon:90344	Colletotrichum magnum
	Colletotrichum nymphaeae (Pass.) Aa	NCBITaxon:306554	Colletotrichum nymphaeae
	Colletotrichum orbiculare Damm	NCBITaxon:5465	Colletotrichum orbiculare
	Colletotrichum simmondsii R. G. Shivas & Y. P. Tan	NCBITaxon:703756	Colletotrichum simmondsii
	Colletotrichum spinaciae Ellis & Halst.)	NCBITaxon:145974	Colletotrichum spinaciae
	Colletotrichum sublineola Henn. ex Kabát & Bubák	NCBITaxon:1173701	Colletotrichum sublineola
	Colletotrichum truncatum (Schwein.) Andrus & W.D. Moore	NCBITaxon:5467	Colletotrichum truncatum
	Coniothyrium glycines (R. B. Stewart) Verkley & Gruyter)	NCBITaxon:1077358	Coniothyrium glycines
	Coriolopsis rigida (Berk. & Mont.) Murrill	NCBITaxon:664182	Coriolopsis rigida
	Cotton leaf curl Kokhran virus	NCBITaxon:222464	Begomovirus
	Cowpea mosaic virus	NCBITaxon:12264	Comovirus
	Cowpea mottle virus	NCBITaxon:12627	Tombusviridae
	Curtobacterium flaccumfaciens pv. betae (Keyworth et al.) Collins & Jones	NCBITaxon:2035	Curtobacterium flaccumfaciens
	Curtobacterium flaccumfaciens pv. flaccumfaciens (Hedges) Collins & Jones	NCBITaxon:2035	Curtobacterium flaccumfaciens
	Curvularia aeria (Bat.	NCBITaxon:1203437	Curvularia aeria
	Curvularia affinis Boedijn	NCBITaxon:95741	Curvularia affinis
	Curvularia clavata B. L. Jain	NCBITaxon:95742	Curvularia clavata
	Curvularia fallax Boedijn	NCBITaxon:215128	Curvularia fallax
	Curvularia geniculata (Tracy & Earle) Boedijn	NCBITaxon:418126	Curvularia geniculata
	Curvularia lunata (Wakker) Boedijn	NCBITaxon:5503	Curvularia lunata
	Curvularia oryzae Bugnic.	NCBITaxon:131384	Curvularia oryzae
	Curvularia senegalensis (Speg.) Subram.	NCBITaxon:215132	Curvularia senegalensis
	Curvularia tuberculata P. C. Jain	NCBITaxon:1056642	Curvularia tuberculata
	Curvularia uncinata Bugnic.	NCBITaxon:1424303	Curvularia uncinata
	Curvularia verruculosa Tandon & Bilgrami ex M. B. Ellis	NCBITaxon:95740	Curvularia verruculosa
	Cuscuta campestris Yunck	NCBITaxon:132261	Cuscuta campestris
	Cuscuta cephalanthi Engelm.	NCBITaxon:267556	Cuscuta cephalanthi
	Cuscuta compacta Juss. ex Choisy	NCBITaxon:267558	Cuscuta compacta
	Cycas necrotic stunt virus	NCBITaxon:173976	Nepovirus
	Cylindrocladiella camelliae (Venkataramani & Venkata Ram) Boesewinkel	NCBITaxon:147885	Cylindrocladiella camelliae
	Cylindrocladiella parva (P. J. Anderson) Boesewinkel	NCBITaxon:137496	Cylindrocladiella parva
	Cylindrocladiella peruviana (Batista	NCBITaxon:147881	Cylindrocladiella peruviana
	Cylindrocladium clavatum C. S. Hodges & L. C. May	NCBITaxon:78399	Cylindrocladium clavatum
	Cylindrocladium clavatum C. S. Hodges & L.C. May	NCBITaxon:78399	Cylindrocladium clavatum
	Dandelion yellow mosaic virus	NCBITaxon:393603	Sequivirus
	Diachea leucopodia (Bull.) Rostr.	NCBITaxon:385471	Diachea leucopodia
	Diaporthe aspalathi E. Jansen et al.	NCBITaxon:626713	Diaporthe aspalathi
	Diaporthe caulivora [Athow & Caldwell] J. M. Santos et al.	NCBITaxon:60444	Diaporthe caulivora
	Diaporthe citri (H. S. Fawc.) F. A. Wolf (syn. Phomopsis citri H. Fawc.)	NCBITaxon:83186	Diaporthe citri
	Diaporthe citri (H. S. Fawc.) F. A. Wolf (syn. Phomopsis citri H. S. Fawc.	NCBITaxon:83186	Diaporthe citri
	Diaporthe cucurbitae (McKeen) Udayanga & Castl.*	NCBITaxon:1590087	Diaporthe cucurbitae
	Diaporthe gulyae R. G. Shivas et al.	NCBITaxon:1116854	Diaporthe gulyae
	Diaporthe helianthi Munt.-Cvetk. et al.	NCBITaxon:158607	Diaporthe helianthi
	Diaporthe kochmanii R. G. Shivas et al.	NCBITaxon:1116855	Diaporthe kochmanii
	Diaporthe kongii R. G. Shivas et al.	NCBITaxon:1116856	Diaporthe kongii
	Diaporthe longicolla (Hobbs) J. M. Santos	NCBITaxon:54899	Diaporthe longicolla
	Diaporthe masirevicii R. G. Shivas et al.	NCBITaxon:1537732	Diaporthe masirevicii
	Diaporthe melonis Beraha & M. J. O’Brien	NCBITaxon:222581	Diaporthe melonis
	Diaporthe miriciae R. G. Shivas et al.	NCBITaxon:1537734	Diaporthe miriciae
	Diaporthe novem J. M. Santos et al.	NCBITaxon:1035935	Diaporthe novem
	Diaporthe phaseolorum var. meridionalis F. A. Fernández	NCBITaxon:87642	Diaporthe phaseolorum meridionalis
	Diaporthe sackstonii R. G. Shivas et al.	NCBITaxon:1537735	Diaporthe sackstonii
	Diaporthe sclerotioides (Kesteren) Udayanga	NCBITaxon:1214577	Diaporthe sclerotioides
	Diaporthe serafiniae R. G. Shivas et al.	NCBITaxon:1537736	Diaporthe serafiniae
	Diaporthe sojae Lehman	NCBITaxon:165439	Diaporthe sojae
	Diaporthe vaccinii Shear	NCBITaxon:105482	Diaporthe vaccinii
	Dickeya chrysanthemi (Burkholder et al.)	NCBITaxon:556	Dickeya chrysanthemi
	Dickeya chrysanthemi (Burkholder	NCBITaxon:556	Dickeya chrysanthemi
	Dickeya chrysanthemi R. Samson et al.	NCBITaxon:556	Dickeya chrysanthemi
	Didymella maydis (Arny & R. R. Nelson) Qian Chen & O. Cai	NCBITaxon:259522	Didymella maydis
	Diplodia cajani Raychaudhuri	NCBITaxon:371120	Diplodia cajani
	Diplodia corticola A. J. L. Phillips	NCBITaxon:236234	Diplodia corticola
	Diplodia seriata De Not.	NCBITaxon:420778	Diplodia seriata
	Discostroma spp.	NCBITaxon:63198	Discostroma
	Ditylenchus dipsaci (J. G. Kühn) Filipjev	NCBITaxon:166011	Ditylenchus dipsaci
	Dothiorella americana J. R. Úrbez-Torres	NCBITaxon:1046587	Dothiorella americana
	Dothiorella gregaria Sacc.)	NCBITaxon:509222	Dothiorella gregaria
	Dothiorella iberica A. J. L. Phillips	NCBITaxon:286282	Dothiorella iberica
	Dothiorella neclivorem W. M. Pitt & J. R. Úrbez-Torres	NCBITaxon:1740602	Dothiorella neclivorem
	Dothiorella vidmadera W. M. Pitt	NCBITaxon:1766648	Dothiorella vidmadera
	Drechslera dematioidea (Bubak & Wroblewski) Subram. & Jain	NCBITaxon:139229	Drechslera dematioidea
	Drechslera gigantea (Heald & Wolf) Ito	NCBITaxon:1937655	Drechslera gigantea
	Drechslera gigantea	NCBITaxon:1937655	Drechslera gigantea
	Drechslera gigantea S. Ito	NCBITaxon:1937655	Drechslera gigantea
	Eballistra oryzae (Syd. & P. Syd.) R. Bauer	NCBITaxon:127114	Eballistra oryzae
	Eggplant mosaic virus	NCBITaxon:12151	Tymovirus
	Elsinöe ampelina (de Bary) Shear	NCBITaxon:302913	Elsinoe ampelina
	Elsinoë australis Bitanc. & Jenkins (syn. Sphaceloma australis Bitanc. & Jenkins)	NCBITaxon:40998	Elsinoe australis
	Elsinoë fawcettii Bitanc. & Jenkins (syn. Sphaceloma fawcettii Jenkins)	NCBITaxon:40997	Elsinoe fawcettii
	Elsinoe rosarum Jenk. & Bitancourt	NCBITaxon:1803861	Elsinoe rosarum
	Elsinoe theae Bitancourt & Jenkins	NCBITaxon:1979390	Elsinoe theae
	Entyloma compositarum Farl.	NCBITaxon:189591	Entyloma compositarum
	Entyloma gaillardianum Vánky	NCBITaxon:62641	Entyloma gaillardianum
	Entyloma polysporum (Peck) Farl.	NCBITaxon:62643	Entyloma polysporum
	Epicoccum sorghinum (Sacc.) Aveskamp	NCBITaxon:749593	Epicoccum sorghinum
	Eremothecium ashbyi Guillierm.	NCBITaxon:33171	Eremothecium ashbyi
	Eremothecium coryli (Peglion) Kurtzman	NCBITaxon:33173	Eremothecium coryli
	Eremothecium gossypii (S. F. Ashby & W. Nowell) Kurtzman	NCBITaxon:33169	Eremothecium gossypii
	Erwinia rhapontici (Millard) Burkholder	NCBITaxon:55212	Erwinia rhapontici
	Erysiphe diffusa (Cooke & Peck) U. Braun & S. Takam.	NCBITaxon:293983	Erysiphe diffusa
	Erysiphe glycines F. L. Tai	NCBITaxon:79286	Erysiphe glycines
	Erysiphe necator Schw.	NCBITaxon:52586	Erysiphe necator
	Eutypa sp.	NCBITaxon:97095	Eutypa
	Exobasidium maculosum M. T. Brewer	NCBITaxon:1493668	Exobasidium maculosum
	Exobasidium perenne N. L. Nick.	NCBITaxon:1493664	Exobasidium perenne
	Exobasidium reticulatum Ito & Sawada	NCBITaxon:190093	Exobasidium reticulatum
	Exobasidium sp.	NCBITaxon:5406	Exobasidium
	Exobasidium vexans Massee	NCBITaxon:84745	Exobasidium vexans
	Exserohilum sp.	NCBITaxon:91493	Exserohilum
	Faba bean phyllody phytoplasma group	NCBITaxon:33928	Faba bean phyllody phytoplasma
	Fiji disease virus	NCBITaxon:77698	Fijivirus
	Fomitiporia mediterranea M. Fischer	NCBITaxon:208960	Fomitiporia mediterranea
	Fomitopsis meliae (Underw.) Gilb. & Ryvarden	NCBITaxon:383679	Fomitopsis meliae
	Fomitopsis meliae (Underw.) R. L. Gilbertson and Ryvarden	NCBITaxon:383679	Fomitopsis meliae
	Fomitopsis nivosa (Berk.) Gilb. & Ryvarden	NCBITaxon:1836667	Fomitopsis nivosa
	Fusarium acuminatum Ellis & Kellerm.	NCBITaxon:5515	Fusarium acuminatum
	Fusarium acuminatum	NCBITaxon:5515	Fusarium acuminatum
	Fusarium andiyazi Marasas et al.	NCBITaxon:520446	Fusarium andiyazi
	Fusarium boothii O’Donnell et al.	NCBITaxon:282271	Fusarium boothii
	Fusarium brasiliense T. Aoki & O’Donnell	NCBITaxon:235270	Fusarium brasiliense
	Fusarium cerealis (Cooke) Sacc.	NCBITaxon:56641	Fusarium cerealis
	Fusarium crassistipitatum Scandiani et al.	NCBITaxon:1094157	Fusarium crassistipitatum
	Fusarium fujikuroi Nirenberg	NCBITaxon:171627	Fusarium fujikuroi
	Fusarium haematococcum Nalim	NCBITaxon:984957	Fusarium haematococcum
	Fusarium incarnatum (Desm.) Sacc.	NCBITaxon:298378	Fusarium incarnatum
	Fusarium meridionale T. Aoki et al.	NCBITaxon:282269	Fusarium meridionale
	Fusarium nygamai Burgess & Trimboli	NCBITaxon:42673	Fusarium nygamai
	Fusarium oxysporum f. sp. betae (D. Stewart) W. C. Snyder & H. N. Hansen	NCBITaxon:171631	Fusarium oxysporum
	Fusarium oxysporumf. sp. lactucae Matuo & Motohashi	NCBITaxon:5506	Fusarium
	Fusarium oxysporum f. sp. melonis (Smith & Bryan) Young et al.	NCBITaxon:171631	Fusarium oxysporum
	Fusarium oxysporum f. sp. radicis-betae Harv. & Rush	NCBITaxon:171631	Fusarium oxysporum
	Fusarium oxysporum Schdl.	NCBITaxon:171631	Fusarium oxysporum
	Fusarium poae (Peck) Wollenw.	NCBITaxon:36050	Fusarium poae
	Fusarium proliferatum (Matsush.) Gerlach & Nirenberg	NCBITaxon:948311	Fusarium proliferatum
	Fusarium solani f. sp. glycines	NCBITaxon:232080	Fusarium solani
	Fusarium solani (Mart.) Sacc. f. sp. cucurbitae W. C. Snyder & H. N. Hansen race 1	NCBITaxon:232080	Fusarium solani
	Fusarium solani (Mart.) Sacc. f. sp. pisi (F. R. Jones) Snyd. & Hans.	NCBITaxon:232080	Fusarium solani
	Fusarium solani (Mart.) Sacc. (syn.	NCBITaxon:232080	Fusarium solani
	Fusarium sporotrichioides Sherb.	NCBITaxon:5514	Fusarium sporotrichioides
	Fusarium subglutinans (Wollenw. & Reinking) P. E. Nelson	NCBITaxon:42677	Fusarium subglutinans
	Fusarium temperatum Scaufl. & Munaut	NCBITaxon:767483	Fusarium temperatum
	Fusarium tucumaniae T. Aoki et al.	NCBITaxon:232081	Fusarium tucumaniae
	Fusarium udum E.J. Butler	NCBITaxon:42665	Fusarium udum
	Fusarium verticillioides (Sacc.) Nirenberg	NCBITaxon:117187	Fusarium verticillioides
	Fusarium virguliforme O’Donnell & T. Aoki	NCBITaxon:232082	Fusarium virguliforme
	Gaeumannomyces graminis (Sacc.) Arx & D. L. Olivier	NCBITaxon:29850	Gaeumannomyces graminis
	Galea & Price	NCBITaxon:10145	Galea
	Ganoderma orbiforme (Fr.) Ryvarden (and   basidiomycetes)	NCBITaxon:1236583	Ganoderma orbiforme
	Ganoderma philippii (Bresad. & P. Henn.) Bresad.	NCBITaxon:256320	Ganoderma philippii
	Geotrichum candidum Link (syn. Galactomyces geotrichum (E. E. Butler & L. J. Petersen) Redhead & Malloch)	NCBITaxon:1173061	Geotrichum candidum
	Geotrichum citri-aurantii (Ferraris) E. E. Butler (syn. Galactomyces citri-aurantii (E. E. Butler)	NCBITaxon:58640	Geotrichum citri-aurantii
	Gibellina cerealis (Pass.) Pass. (syn. Gibellia cerealis Pass.)	NCBITaxon:1769965	Gibellina cerealis
	Glomerella glycines Lehman & F. A. Wolf	NCBITaxon:51633	Glomerella glycines
	Gluconobacter oxydans (Henneberg) DeLey	NCBITaxon:442	Gluconobacter oxydans
	Gluconobacter spp. (bacteria)	NCBITaxon:441	Gluconobacter
	Glycine max [L.] Merr.	NCBITaxon:3847	Glycine max
	Godronia cassandrae Peck f. sp. vaccinii	NCBITaxon:269065	Godronia cassandrae
	Golovinomyces cichoracearum (DC.) V. P. Heluta	NCBITaxon:62708	Golovinomyces cichoracearum
	Grapevine asteroid mosaic-associated virus	NCBITaxon:103724	Marafivirus
	Grapevine berry inner necrosis virus	NCBITaxon:81877	Trichovirus
	Grapevine fleck virus	NCBITaxon:103722	Maculavirus
	Grapevine leafroll-associated virus 2	NCBITaxon:64003	Closterovirus
	Grapevine leafroll-associated virus 7	NCBITaxon:217615	Closteroviridae
	Grapevine rupestris stem pitting-associated virus	NCBITaxon:196400	Foveavirus
	Grapevine rupestris vein feathering virus	NCBITaxon:204933	Marafivirus
	Grapevine virus A	NCBITaxon:35288	Vitivirus
	Grapevine virus B	NCBITaxon:35289	Vitivirus
	Greeneria uvicola (Berk. & M. A. Curtis) Punith.	NCBITaxon:172198	Greeneria uvicola
	Groundnut ringspot virus	NCBITaxon:12675	Tospoviridae
	Guignardia camelliae (Cooke) E.J. Butler	NCBITaxon:580929	Guignardia camelliae
	Hanseniaspora uvarum (Niehaus) Shehata et al.	NCBITaxon:29833	Hanseniaspora uvarum
	Helicobasidium purpureum (Tul.) Pat.	NCBITaxon:5574	Helicobasidium purpureum
	Helicobasidium sp.	NCBITaxon:48120	Helicobasidium
	Helicotylenchus digonicus Perry	NCBITaxon:364633	Helicotylenchus digonicus
	Helicotylenchus dihystera (Cobb) Sher.	NCBITaxon:344381	Helicotylenchus dihystera
	Helicotylenchus microlobus Perry	NCBITaxon:1582522	Helicotylenchus microlobus
	Helicotylenchus pseudorobustus Steiner	NCBITaxon:293583	Helicotylenchus pseudorobustus
	Hemicriconemoides kanayaensis Nakasono & Ichinone	NCBITaxon:416317	Hemicriconemoides kanayaensis
	Hemicycliophora gracilis Thorne	NCBITaxon:1515042	Hemicycliophora gracilis
	Hemicycliophora similis Thorne	NCBITaxon:1515050	Hemicycliophora similis
	Hemicycliophora uniformis Thorne	NCBITaxon:1305601	Hemicycliophora uniformis
	Hemicycliophora vidua Raski	NCBITaxon:1262433	Hemicycliophora vidua
	Hemicycliophora zuckermani Brzeski	NCBITaxon:1262434	Hemicycliophora zuckermani
	Henbane mosaic virus	NCBITaxon:369762	Potyvirus
	Heterodera cajani Koshy	NCBITaxon:157846	Heterodera cajani
	Heterodera elachista Ohshima	NCBITaxon:204065	Heterodera elachista
	Heterodera oryzicola Rao & Jayaprakash	NCBITaxon:157859	Heterodera oryzicola
	Heterodera sacchari Luc & Merny	NCBITaxon:157861	Heterodera sacchari
	Heterodera zeae Koshy	NCBITaxon:57558	Heterodera zeae
	Hirschmanniella imamuri Sher	NCBITaxon:622976	Hirschmanniella imamuri
	Hirschmanniella mucronata (Das) Luc & Goodey	NCBITaxon:405600	Hirschmanniella mucronata
	Hirschmanniella oryzae (van Breda de Haan) Luc & Goodey	NCBITaxon:362338	Hirschmanniella oryzae
	Hoplolaimus magnistylus Robbins	NCBITaxon:521386	Hoplolaimus magnistylus
	Hoplolaimus seinhorsti Luc	NCBITaxon:364629	Hoplolaimus seinhorsti
	Hoplolaimus stephanus Sher	NCBITaxon:1048748	Hoplolaimus stephanus
	Hormonema spp.	NCBITaxon:46635	Hormonema
	India	NCBITaxon:563780	India
	Indian citrus ringspot virus	NCBITaxon:104664	Mandarivirus
	Indian peanut clump virus	NCBITaxon:32629	Pecluvirus
	Johnsongrass mosaic virus	NCBITaxon:31742	Potyvirus
	Khuskia oryzae H. J. Huds.	NCBITaxon:668251	Khuskia oryzae
	Kretzschmaria deusta (Hoffm.) P. M. D. Martin (syns. Nodulisporium sp.	NCBITaxon:110526	Kretzschmaria deusta
	Lasiodiplodia crassispora T. I. Burgess & Barber	NCBITaxon:336254	Lasiodiplodia crassispora
	Lasiodiplodia missouriana J. R. Úrbez-Torres	NCBITaxon:1046588	Lasiodiplodia missouriana
	Lasiodiplodia spp.	NCBITaxon:66739	Lasiodiplodia
	Lasiodiplodia theobromae (Pat.) Griff. & Maubl.	NCBITaxon:45133	Lasiodiplodia theobromae
	Lasiodiplodia theobromae (Pat.) Griff. & Maubl. (syns. Botryosphaeria rhodina (Berk. & M. A. Curtis) Arx	NCBITaxon:45133	Lasiodiplodia theobromae
	Lasiodiplodia theobromae (Pat) Griffon & Maubl. (possibly)	NCBITaxon:45133	Lasiodiplodia theobromae
	Lasiodiplodia viticola J. R. Úrbez-Torres	NCBITaxon:1046589	Lasiodiplodia viticola
	Lettuce big-vein associated virus	NCBITaxon:311413	Varicosavirus
	Lettuce chlorosis virus	NCBITaxon:642478	Crinivirus
	Lettuce mottle virus	NCBITaxon:332934	Picornavirales
	Leveillula taurica (Lév.) Arnaud)	NCBITaxon:62718	Leveillula taurica
	Leveillula taurica (Lev.) G. Arnaud (syn.	NCBITaxon:62718	Leveillula taurica
	Libertella blepharis A. L. Smith [syn. Cytosporina sp.]	NCBITaxon:280324	Libertella blepharis
	Longidorus breviannulatus Norton & Hoffmann	NCBITaxon:208515	Longidorus breviannulatus
	Longidorus spp. (pathogenicity not determined)	NCBITaxon:70230	Longidorus
	Lophodermium oxycocci	NCBITaxon:932633	Lophodermium oxycocci
	Lychnis ringspot virus	NCBITaxon:44421	Hordeivirus
	Macrophoma theicola Petch	NCBITaxon:1609051	Macrophoma theicola
	Macrophomina phaseolina Goid.	NCBITaxon:35725	Macrophomina phaseolina
	Magnaporthe oryzae B. C. Couch	NCBITaxon:318829	Magnaporthe oryzae
	Magnaporthiopsis maydis (Samra	NCBITaxon:80373	Magnaporthiopsis maydis
	Maize bushy stunt phytoplasma	NCBITaxon:202462	Maize bushy stunt phytoplasma
	Maize chlorotic dwarf virus	NCBITaxon:51354	Waikavirus
	Maize chlorotic mottle virus	NCBITaxon:12138	Machlomovirus
	Maize dwarf mosaic virus	NCBITaxon:12203	Potyvirus
	Maize necrotic streak virus	NCBITaxon:137556	Tombusviridae
	Maize rayado fino virus	NCBITaxon:59749	Marafivirus
	Maize white line mosaic virus	NCBITaxon:445227	Aureusvirus
	Mal de Rio Cuarto virus	NCBITaxon:185954	Fijivirus
	Marasmius tenuissimus (Junghuhn) Singer	NCBITaxon:585030	Marasmius tenuissimus
	Meloidogyne arenaria (Neal) Chit.	NCBITaxon:6304	Meloidogyne arenaria
	Meloidogyne hapla Chit.	NCBITaxon:6305	Meloidogyne hapla
	Meloidogyne incognita (Kofoid & White) Chit.	NCBITaxon:654580	Meloidogyne incognita
	Meloidogyne javanica (Treub) Chit.	NCBITaxon:6303	Meloidogyne javanica
	Meloidogyne oryzae Mass	NCBITaxon:325757	Meloidogyne oryzae
	Merlinius joctus (Thorne) Sher	NCBITaxon:650259	Merlinius joctus
	Mesocriconema curvatum (Raski) Loof & De Grisse	NCBITaxon:312904	Mesocriconema curvatum
	Mesocriconema ornatum Raski	NCBITaxon:313715	Mesocriconema ornatum
	Mesocriconema xenoplax (Raski) Loof & De Grisse	NCBITaxon:211171	Mesocriconema xenoplax
	Metschnikowia pulcherrima Miller and van Uden	NCBITaxon:27326	Metschnikowia pulcherrima
	Microcyclospora spp.	NCBITaxon:766053	Microcyclospora
	Microdochium albescens (Thüm.) Hern.-Restr. & Crous	NCBITaxon:1682384	Microdochium albescens
	Microdochium sorghi (D. C. Bain & Edgerton ex Deighton) U. Braun	NCBITaxon:1682391	Microdochium sorghi
	Milk vetch dwarf virus	NCBITaxon:67585	Nanovirus
	Mirafiori lettuce big-vein virus	NCBITaxon:200255	Ophiovirus
	Monilia spp.	NCBITaxon:254394	Monilia
	Monilinia urnula (Weinm.) Whetzel	NCBITaxon:61188	Monilinia urnula
	Monilinia vaccinii-corymbosi (J. M. Reade) Honey	NCBITaxon:61207	Monilinia vaccinii-corymbosi
	Monographella albescens	NCBITaxon:87749	Monographella albescens
	Monographella albescens (Thüm.) V. O. Parkinson	NCBITaxon:87749	Monographella albescens
	Monographella nivalis (Schaffnit) E. Mull.	NCBITaxon:101483	Monographella nivalis
	Monosporascus eutypoides (Petr.) Arx	NCBITaxon:1267397	Monosporascus eutypoides
	Moroccan pepper virus	NCBITaxon:208086	Tombusvirus
	Mucor fragilis Bainier	NCBITaxon:64491	Mucor fragilis
	Mungbean yellow mosaic India virus	NCBITaxon:223287	Begomovirus
	Mungbean yellow mosaic virus	NCBITaxon:33726	Begomovirus
	Mycocentrospora acerina (R. Hartig) Deighton (syn.	NCBITaxon:227734	Mycocentrospora acerina
	Nacobbus aberrans (Thorne)	NCBITaxon:46008	Nacobbus aberrans
	Nakataea oryzae (Catt.) J. Luo & N. Zhang	NCBITaxon:165778	Nakataea oryzae
	Nakataea sigmoidea (Cavara) Hara	NCBITaxon:1930697	Nakataea sigmoidea
	Naohidemyces vaccinii (G. Winter) S. Sato	NCBITaxon:190636	Naohidemyces vaccinii
	Naohidemyces vaccinii (Jørst) S. Sato	NCBITaxon:190636	Naohidemyces vaccinii
	Nectria haematococca Berk. & Broome MP I	NCBITaxon:140110	Nectria haematococca
	Nectria haematococca Berk. & Broome MP V)	NCBITaxon:140110	Nectria haematococca
	Nectria haematococca	NCBITaxon:140110	Nectria haematococca
	Nectria sp.	NCBITaxon:1081373	Nectria
	Nectria spp.	NCBITaxon:1081373	Nectria
	Neocosmospora ornamentata M. A. F. Barbosa	NCBITaxon:131368	Neocosmospora ornamentata
	Neofusicoccum australe (Slippers	NCBITaxon:240362	Neofusicoccum australe
	Neofusicoccum luteum (Pennycook & Samuels) Crous	NCBITaxon:120395	Neofusicoccum luteum
	Neofusicoccum macroclavatum T. I. Burgess	NCBITaxon:333526	Neofusicoccum macroclavatum
	Neofusicoccum mediterraneum Crous	NCBITaxon:467987	Neofusicoccum mediterraneum
	Neofusicoccum parvum (Pennycook & Samuels) Crous	NCBITaxon:310453	Neofusicoccum parvum
	Neofusicoccum ribis (Slippers	NCBITaxon:45134	Neofusicoccum ribis
	Neofusicoccum spp.	NCBITaxon:407951	Neofusicoccum
	Neofusicoccum viticlavatum (Van Niekerk & Crous) Crous	NCBITaxon:240342	Neofusicoccum viticlavatum
	Neofusicoccum vitifusiforme (Van Niekerk & Crous) Crous	NCBITaxon:240343	Neofusicoccum vitifusiforme
	Neoscytalidium dimidiatum (Penz.) Crous & Slippers (and   unknown agents)	NCBITaxon:108428	Neoscytalidium dimidiatum
	Neoscytalidium dimidiatum (Penz.) Crous & Slippers (syn. Hendersonula toruloidea Nattrass)	NCBITaxon:108428	Neoscytalidium dimidiatum
	Neoscytalidium spp.	NCBITaxon:463684	Neoscytalidium
	Okra mottle virus	NCBITaxon:619599	Begomovirus
	Orobanche crenata Forssk.	NCBITaxon:223102	Orobanche crenata
	Orobanche minor Sm.	NCBITaxon:36748	Orobanche minor
	Panagrolaimus spp.	NCBITaxon:55784	Panagrolaimus
	Pantoea agglomerans (Ewing & Fife) Gavini et al.	NCBITaxon:1654067	Pantoea agglomerans
	Pantoea agglomerans pv. betae (Beijerinck) Gavin et al.	NCBITaxon:1654067	Pantoea agglomerans
	Pantoea ananatis pv. ananatis (Serrano) Mergaert	NCBITaxon:553	Pantoea ananatis
	Pantoea ananatis Serrano) Mergaert	NCBITaxon:553	Pantoea ananatis
	Pantoea stewartii (Smith) Mergaert et al. subsp. stewartii (Smith) Mergaert et al.	NCBITaxon:66271	Pantoea stewartii stewartii
	Paprika mild mottle virus	NCBITaxon:35281	Tobamovirus
	Paraburkholderia andropogonis (Gillis et al.) Sawana et al.	NCBITaxon:28092	Paraburkholderia andropogonis
	Paraphaeosphaeria michotii> (Westend.) O. E. Erikss.	NCBITaxon:125369	Paraphaeosphaeria
	Paratrichodorus porosus (Allen) Siddiqi	NCBITaxon:189297	Paratrichodorus porosus
	Paratrichodorus renifer Siddiqi	NCBITaxon:546470	Paratrichodorus renifer
	Paratylenchus minutus Lindford	NCBITaxon:416312	Paratylenchus minutus
	Passalora capsicicola (Vassiljevsky) Braun & Freire	NCBITaxon:1481126	Passalora capsicicola
	Passalora fusimaculans (G. F. Atk.) U. Braun & Crous	NCBITaxon:1350542	Passalora fusimaculans
	Passalora	NCBITaxon:131316	Passalora
	Passion fruit green spot virus	NCBITaxon:989895	Cilevirus
	Peanut clump virus	NCBITaxon:28355	Pecluvirus
	Pectobacterium atrosepticum (van Hall) Gardan et al.	NCBITaxon:29471	Pectobacterium atrosepticum
	Pectobacterium betavasculorum (Thomson et al.) Gardan et al.	NCBITaxon:55207	Pectobacterium betavasculorum
	Pectobacterium carotovorum (Jones) Waldee	NCBITaxon:554	Pectobacterium carotovorum
	Pectobacterium carotovorum subsp. carotovorum (Jones) Hauben et al. emend. Gardan et al. (syn.	NCBITaxon:555	Pectobacterium carotovorum carotovorum
	Pectobacterium carotovorum subsp. carotovorum (Jones) Hauben et al.	NCBITaxon:555	Pectobacterium carotovorum carotovorum
	Pectobacterium	NCBITaxon:122277	Pectobacterium
	Penicillium brevicompactum Diercks.	NCBITaxon:5074	Penicillium brevicompactum
	Penicillium cyclopium West.	NCBITaxon:60167	Penicillium cyclopium
	Penicillium stoloniferum Thom	NCBITaxon:1343417	Penicillium stoloniferum
	Penicillium ulaiense Hseichj Su & Tzean	NCBITaxon:293377	Penicillium ulaiense
	Penicillium verrucosum Dierckx	NCBITaxon:60171	Penicillium verrucosum
	Penicillium viridicatum Westling	NCBITaxon:60134	Penicillium viridicatum
	Pepper golden mosaic virus	NCBITaxon:223301	Begomovirus
	Pepper huasteco yellow vein virus	NCBITaxon:223303	Begomovirus
	Periconia byssoides Pers.	NCBITaxon:1382551	Periconia byssoides
	Peronosclerospora maydis (Racib.) C. G. Shaw	NCBITaxon:886949	Peronosclerospora maydis
	Peronosclerospora miscanthi (T. Miyake) C. G. Shaw	NCBITaxon:1081076	Peronosclerospora miscanthi
	Peronosclerospora philippinensis (W. Weston) C. G. Shaw	NCBITaxon:886948	Peronosclerospora philippinensis
	Peronosclerospora sacchari (T. Miyake) C. G. Shaw	NCBITaxon:467161	Peronosclerospora sacchari
	Peronosclerospora sorghi (W. Weston & Uppal) C. G. Shaw	NCBITaxon:230839	Peronosclerospora sorghi
	Peronospora effusa (Grev.) Rabenh. (syn.	NCBITaxon:542832	Peronospora effusa
	Peronospora farinosa f. sp. betae Byford	NCBITaxon:134698	Peronospora farinosa
	Peronospora farinosa f. sp. spinaciae Byford)	NCBITaxon:134698	Peronospora farinosa
	Peronospora manshurica (Naumov) Syd.	NCBITaxon:86334	Peronospora manshurica
	Peronospora schachtii Fuckel	NCBITaxon:1484365	Peronospora schachtii
	Peronospora spp.	NCBITaxon:70742	Peronospora
	Peronospora tabacina Adam	NCBITaxon:230439	Peronospora tabacina
	Peru tomato mosaic virus	NCBITaxon:187978	Potyvirus
	Pestalotia spp.	NCBITaxon:63205	Pestalotia
	Pestalotiopsis adusta Ellis & Everh.	NCBITaxon:173179	Pestalotiopsis adusta
	Pestalotiopsis longiseta (Spegazzini) Dai et Kobayashi	NCBITaxon:554969	Pestalotiopsis longiseta
	Phacidium	NCBITaxon:66517	Phacidium
	Phacidium vaccinii Fr.	NCBITaxon:1484969	Phacidium vaccinii
	Phaeoacremonium spp.	NCBITaxon:65412	Phaeoacremonium
	Phaeocytostroma ambiguum (Mont.) Petr.	NCBITaxon:935936	Phaeocytostroma ambiguum
	Phaeoisariopsis griseola (Sacc.) Ferraris	NCBITaxon:131320	Phaeoisariopsis griseola
	Phaeomoniella chlamydospora (W. Gams	NCBITaxon:158046	Phaeomoniella chlamydospora
	Phakopsora euvitis Y. Ono	NCBITaxon:460369	Phakopsora euvitis
	Phakopsora meibomiae (Arthur) Arthur	NCBITaxon:169999	Phakopsora meibomiae
	Phelipanche aegyptiaca (Per.) Pomel	NCBITaxon:99112	Phelipanche aegyptiaca
	Phelipanche aegyptiaca (Pers.) Pomel	NCBITaxon:99112	Phelipanche aegyptiaca
	Phelipanche ramosa (L.) Pomel	NCBITaxon:46066	Phelipanche ramosa
	Phellinus noxius (Corner) G.H. Cunningham	NCBITaxon:418867	Phellinus noxius
	Phellinus punctatus [P. Karst.]	NCBITaxon:271459	Phellinus punctatus
	Phoma betae A. B. Frank)	NCBITaxon:137527	Phoma betae
	Phomopsis columnaris D. F. Farr & Castl.	NCBITaxon:193000	Phomopsis columnaris
	Phomopsis theae Petch	NCBITaxon:509235	Phomopsis theae
	Phragmidium potentillae (Pers.	NCBITaxon:1739572	Phragmidium potentillae
	Phyllosticta ampelicida [Engleman] Van der Aa	NCBITaxon:115983	Phyllosticta ampelicida
	Phyllosticta citricarpa (McAlpine) Aa (syn. Guignardia citricarpa Kiely)	NCBITaxon:55181	Phyllosticta citricarpa
	Phyllosticta elongata Weid.	NCBITaxon:121619	Phyllosticta elongata
	Physalis mottle virus	NCBITaxon:72539	Tymovirus
	Physalospora vaccinii (Shear) Arx & E. Müll.	NCBITaxon:186529	Physalospora vaccinii
	Phytophthora cactorum (Leb. & Cohn) Schroet.	NCBITaxon:29920	Phytophthora cactorum
	Phytophthora cryptogea Pethyb. & Laff.	NCBITaxon:4786	Phytophthora cryptogea
	Phytophthora drechsleri Tucker f. sp. cajani (Mahendra Pal	NCBITaxon:4794	Phytophthora drechsleri
	Phytophthora lactucae Bertier	NCBITaxon:1320217	Phytophthora lactucae
	Phytophthora medicaginis E. M. Hans & D. P. Maxwell	NCBITaxon:54510	Phytophthora medicaginis
	Phytophthora nicotianae Breda de Haan (syns. P. nicotianae Breda de Haan var. parasitica (Dastur) G. M. Waterhouse	NCBITaxon:4790	Phytophthora nicotianae
	Phytophthora nicotianae Breda de Haanvar. parasitica (Dastur) G.M. Waterhouse	NCBITaxon:4791	Phytophthora nicotianae parasitica
	Phytophthora parasitica Dastur)	NCBITaxon:4792	Phytophthora parasitica
	Phytophthora plurivora T. Jung & T. I. Burgess	NCBITaxon:639000	Phytophthora plurivora
	Phytophthora ramorum Werres	NCBITaxon:164328	Phytophthora ramorum
	Phytophthora sansomeana E. M. Hansen	NCBITaxon:555429	Phytophthora sansomeana
	Phytophthora sojae Kaufm. & Gerd.	NCBITaxon:67593	Phytophthora sojae
	Phytophthora syringae (Burk.) Kleb.	NCBITaxon:67594	Phytophthora syringae
	Phytopythium helicoides (Drechsler) Abad et al.	NCBITaxon:126844	Phytopythium helicoides
	Phytopythium vexans (de Bary) Abad et al.	NCBITaxon:907947	Phytopythium vexans
	Phytopythium vexans (De Bary) Abad et al.	NCBITaxon:907947	Phytopythium vexans
	Pichia kluyveri (Bedford)	NCBITaxon:36015	Pichia kluyveri
	Pilidiella diplodiella (Speg.) Crous & Van Niekerk	NCBITaxon:251300	Pilidiella diplodiella
	Plasmodiophora brassicae Woronin	NCBITaxon:37360	Plasmodiophora brassicae
	Plasmopara halstedii (Farl.) Berl. & De Toni	NCBITaxon:4781	Plasmopara halstedii
	Plasmopara penniseti Kenneth & Kranz.	NCBITaxon:436701	Plasmopara penniseti
	Plasmopara viticola (Berk. & M. A. Curt.) Berl. & De Toni	NCBITaxon:143451	Plasmopara viticola
	Plectosphaerella cucumerina (Lindf.) W. Gams	NCBITaxon:40658	Plectosphaerella cucumerina
	Plectosphaerella melonis (Ts. Watan. & Mas. Sato) A. J. L. Phillips	NCBITaxon:936077	Plectosphaerella melonis
	Plenodomus lindquistii (Frezzi) Gruyter et al.	NCBITaxon:301713	Plenodomus lindquistii
	Plenodomus tracheiphilus (Petri) Gruyter	NCBITaxon:1077377	Plenodomus tracheiphilus
	Pleospora bjoerlingii Byford	NCBITaxon:318712	Pleospora bjoerlingii
	Pleospora tarda E. G. Simmons	NCBITaxon:120510	Pleospora tarda
	Podosphaera sp.	NCBITaxon:62701	Podosphaera
	Podosphaera xanthii (Castagne) U. Braun & Shishkoff	NCBITaxon:135283	Podosphaera xanthii
	Polymyxa graminis Ledingham	NCBITaxon:70182	Polymyxa graminis
	Pratylenchus agilis Thorne & Malek	NCBITaxon:110512	Pratylenchus agilis
	Pratylenchus alleni Ferris	NCBITaxon:623027	Pratylenchus alleni
	Pratylenchus brachyurus (Godfrey) Filip. & Sch. Stek.	NCBITaxon:45938	Pratylenchus brachyurus
	Pratylenchus coffeae (Zimmerman) Filip. & Sch. Stek.	NCBITaxon:45937	Pratylenchus coffeae
	Pratylenchus jaehni Inserra	NCBITaxon:623067	Pratylenchus jaehni
	Pratylenchus loosi Loof	NCBITaxon:101210	Pratylenchus loosi
	Pratylenchus mediterraneus Corbett	NCBITaxon:223368	Pratylenchus mediterraneus
	Pratylenchus neglectus (Rencsh) Filip. & Sch. Stek.	NCBITaxon:222096	Pratylenchus neglectus
	Pratylenchus neglectus (Rensch) Filipjev Schuurmanns & Stekhoven	NCBITaxon:222096	Pratylenchus neglectus
	Pratylenchus neglectus (Rensch) Filipjev & Schuurmans-Stekhoven	NCBITaxon:222096	Pratylenchus neglectus
	Pratylenchus penetrans (Cobb) Chitwood & Oteifa	NCBITaxon:45929	Pratylenchus penetrans
	Pratylenchus penetrans (Cobb.) Filipjev Schuurmans & Stekhoven	NCBITaxon:45929	Pratylenchus penetrans
	Pratylenchus penetrans (Cobb) Filip. & Sch. Stek.	NCBITaxon:45929	Pratylenchus penetrans
	Pratylenchus penetrans (Cobb)	NCBITaxon:45929	Pratylenchus penetrans
	Pratylenchus pratensis (de Man) Filip.	NCBITaxon:293588	Pratylenchus pratensis
	Pratylenchus scribneri Steiner in Sherbakoff & Stanley	NCBITaxon:45936	Pratylenchus scribneri
	Pratylenchus teres Khan & Singh	NCBITaxon:110513	Pratylenchus teres
	Protoventuria barriae Carris & A. P. Poole	NCBITaxon:415595	Protoventuria barriae
	Pseudocercospora angolensis (T. Carvalho & O. Mendes) Crous & U. Braun (syn. Phaeoramularia angolensis (de Carvallo & O. Mendes) P. M. Kirk)	NCBITaxon:133175	Pseudocercospora angolensis
	Pseudocercospora spp.	NCBITaxon:131324	Pseudocercospora
	Pseudocercospora theae (Cavara) Deighton	NCBITaxon:858824	Pseudocercospora theae
	Pseudocercospora vitis (Lév) Speg.	NCBITaxon:337446	Pseudocercospora vitis
	Pseudomonas coronafaciens (ex Elliott) Schaad & Cunfer pv. zeae Ribeiro et al.	NCBITaxon:53409	Pseudomonas coronafaciens
	Pseudomonas fuscovaginae (ex Tanii	NCBITaxon:50340	Pseudomonas fuscovaginae
	Pseudomonas marginalis pv. marginalis(Brown) Stevens	NCBITaxon:298	Pseudomonas marginalis
	Pseudomonas marginalis pv. marginalis	NCBITaxon:298	Pseudomonas marginalis
	Pseudomonas savastanoi pv. glycinea (Coerper) Gardan et al.	NCBITaxon:29438	Pseudomonas savastanoi
	Pseudomonas syringae pv. glycinea [Coerper] Young et al.	NCBITaxon:136849	Pseudomonas syringae
	Pseudomonas syringae pv. helianthi (Kawamura) Dye et al.	NCBITaxon:136849	Pseudomonas syringae
	Pseudomonas syringae pv. phaseolicola (Burkholder) Young	NCBITaxon:136849	Pseudomonas syringae
	Pseudomonas syringae pv. Spinaciae van Hall	NCBITaxon:136849	Pseudomonas syringae
	Pseudomonas syringae pv. syringae (van Hall)	NCBITaxon:136849	Pseudomonas syringae
	Pseudomonas syringae pv. tabaci (Wolf & Forster) Young et al.	NCBITaxon:136849	Pseudomonas syringae
	Pseudomonas syringae pv. theae (Hori) Young	NCBITaxon:136849	Pseudomonas syringae
	Pseudomonas syringae van Hall pv. coronafaciens (Elliott) Young et al.	NCBITaxon:136849	Pseudomonas syringae
	Pseudomonas syringae van Hall pv. oryzae (ex Kuwata) Young et al.	NCBITaxon:136849	Pseudomonas syringae
	Pseudomonas syringae van Hall pv. panici (Elliott) Young et al.	NCBITaxon:136849	Pseudomonas syringae
	Pseudomonas syringae van Hall pv. syringae van Hall	NCBITaxon:136849	Pseudomonas syringae
	Pseudoperonospora cubensis (Berk. & M. A. Curtis) Rostovzev	NCBITaxon:143453	Pseudoperonospora cubensis
	Pseudorobillarda sojae Uecker & Kulik	NCBITaxon:635206	Pseudorobillarda sojae
	Puccinia canaliculata (Schwein.) Lagerh.	NCBITaxon:942846	Puccinia canaliculata
	Puccinia graminis f. sp. oryzae Gonz. Frag.	NCBITaxon:5297	Puccinia graminis
	Puccinia graminis Pers. f. sp. secalis Eriks. & E. Henn.	NCBITaxon:5297	Puccinia graminis
	Puccinia helianthi Schwein.	NCBITaxon:652029	Puccinia helianthi
	Puccinia purpurea Cooke	NCBITaxon:684838	Puccinia purpurea
	Pucciniastrum goeppertianum (J. G. Kühn) Kleb.	NCBITaxon:60205	Pucciniastrum goeppertianum
	Puccinia xanthii Schwein.	NCBITaxon:469762	Puccinia xanthii
	Punctodera chalcoensis Stone	NCBITaxon:191062	Punctodera chalcoensis
	Pustula helianthicola C. Rost & Thines	NCBITaxon:1005363	Pustula helianthicola
	Pustula tragopogonis (Pers.) Thines	NCBITaxon:572139	Pustula tragopogonis
	Pyrenochaeta acicola (Moug. & Lév.) Sacc.	NCBITaxon:565433	Pyrenochaeta acicola
	Pythium adhaerens Sparrow	NCBITaxon:289596	Pythium adhaerens
	Pythium angustatum Sparrow	NCBITaxon:289598	Pythium angustatum
	Pythium arrhenomanes Drechsler	NCBITaxon:82932	Pythium arrhenomanes
	Pythium arrhenomanes Drechsl.	NCBITaxon:82932	Pythium arrhenomanes
	Pythium butleri Subram.	NCBITaxon:140045	Pythium butleri
	Pythium catenulatum V. D. Matthews	NCBITaxon:83917	Pythium catenulatum
	Pythium debaryanum R. Hesse (syn.	NCBITaxon:231958	Pythium debaryanum
	Pythium graminicola Subram.	NCBITaxon:82937	Pythium graminicola
	Pythium heterothallicum W. A. Campbell & F. F. Hendrix	NCBITaxon:115416	Pythium heterothallicum
	Pythium inflatum V. D. Matthews	NCBITaxon:82938	Pythium inflatum
	Pythium irregulare Buisman (syn.	NCBITaxon:36331	Pythium irregulare
	Pythium lutarium Ali-Shtayeh	NCBITaxon:289618	Pythium lutarium
	Pythium oligandrum Drechsler	NCBITaxon:41045	Pythium oligandrum
	Pythium polymastum Dreschsler	NCBITaxon:140046	Pythium polymastum
	Pythium sylvaticum W. A. Campbell & F. F. Hendrix	NCBITaxon:82950	Pythium sylvaticum
	Pythium sylvaticum W. A. Camp. & F. F. Hendrix	NCBITaxon:82950	Pythium sylvaticum
	Pythium tardicrescens Vanterp.	NCBITaxon:944638	Pythium tardicrescens
	Pythium ultimum (Trow)	NCBITaxon:65071	Pythium ultimum
	Pythium ultimum Trow (syn.	NCBITaxon:65071	Pythium ultimum
	Pythium uncinulatum Plaats-Niterink & I. Blok	NCBITaxon:147706	Pythium uncinulatum
	Radopholus spp.	NCBITaxon:46011	Radopholus
	Ramularia beticola Fautrey & Lambotte	NCBITaxon:1074005	Ramularia beticola
	Ramularia macrospora Fresen.	NCBITaxon:1873292	Ramularia macrospora
	Rhizoctonia bataticola (Taubenhaus) E. J. Butler	NCBITaxon:348105	Rhizoctonia bataticola
	Rhizoctonia bataticola (Taubenh.) E. J. Butler	NCBITaxon:348105	Rhizoctonia bataticola
	Rhizoctonia	NCBITaxon:5573	Rhizoctonia
	Rhizoctonia solani J. G. Kuhn (syn.	NCBITaxon:456999	Rhizoctonia solani
	Rhizoctonia solani J. G. Kühn (syn.	NCBITaxon:456999	Rhizoctonia solani
	Rhizoctonia solani Kϋhn	NCBITaxon:456999	Rhizoctonia solani
	Rhizopus oryzae Went & Prins. Geerl.	NCBITaxon:64495	Rhizopus oryzae
	Rhizorhapis suberifaciens et al.	NCBITaxon:13656	Rhizorhapis suberifaciens
	Rhizosphaera spp.	NCBITaxon:1191179	Rhizosphaera
	Rhynchosia golden mosaic virus	NCBITaxon:117198	Begomovirus
	Rhytidhysteron rufulum (Spreng.) Speg.	NCBITaxon:37885	Rhytidhysteron rufulum
	Rosellinia arcuata Petch	NCBITaxon:82694	Rosellinia arcuata
	Rosellinia necatrix Prill. (syn. Dematophora necatrix R. Hartig)	NCBITaxon:77044	Rosellinia necatrix
	Rosellinia necatrix Prill.v	NCBITaxon:77044	Rosellinia necatrix
	Rosellinia subiculata (Schwein.	NCBITaxon:323536	Rosellinia subiculata
	Rotylenchulus parvus Sher	NCBITaxon:1771353	Rotylenchulus parvus
	Rotylenchulus parvus (Williams) Sher	NCBITaxon:1771353	Rotylenchulus parvus
	Rotylenchus goodeyi Loof & Oostenbrink	NCBITaxon:293586	Rotylenchus goodeyi
	Saccharomyces cerevisiae Kreger-van Rij	NCBITaxon:4932	Saccharomyces cerevisiae
	Saccharomycopsis crataegensis Kurtzman and Wickerham	NCBITaxon:43959	Saccharomycopsis crataegensis
	Saccharomycopsis vini	NCBITaxon:44085	Saccharomycopsis vini
	Sarocladium attenuatum W. Gams & D. Hawksw.	NCBITaxon:284136	Sarocladium attenuatum
	Sarocladium oryzae (Sawada) W. Gams & D. Hawksw.	NCBITaxon:284135	Sarocladium oryzae
	Sarocladium strictum (W. Gams) Summerb.	NCBITaxon:5046	Sarocladium strictum
	Satsuma dwarf virus	NCBITaxon:47416	Sadwavirus
	Sclerospora graminicola (Sacc.) Schroet.	NCBITaxon:162130	Sclerospora graminicola
	Scutellonema brachyurum (Steiner) Andrássy	NCBITaxon:363723	Scutellonema brachyurum
	Seimatosporium vaccinii (Fuckel) B. Erikss.	NCBITaxon:162421	Seimatosporium vaccinii
	Selenophoma spp.	NCBITaxon:242511	Selenophoma
	Septobasidium pilosum Boedijn & B.A. Steinman	NCBITaxon:357018	Septobasidium pilosum
	Septoria albopunctata Cooke	NCBITaxon:333100	Septoria albopunctata
	Septoria apiicola Speg.	NCBITaxon:215473	Septoria apiicola
	Septoria glycines Hemmi	NCBITaxon:215477	Septoria glycines
	Septoria helianthicola Cooke & Harkn.	NCBITaxon:266400	Septoria helianthicola
	Serratia marcescens Bizio	NCBITaxon:615	Serratia marcescens
	Setophoma terrestris (H. N. Hansen) Gruyter	NCBITaxon:798162	Setophoma terrestris
	Setosphaeria rostrata K. J. Leonard)	NCBITaxon:45150	Setosphaeria rostrata
	Setosphaeria rostrata K. J. Leonard	NCBITaxon:45150	Setosphaeria rostrata
	Setosphaeria turcica (Luttrell) K. J. Leonard & E. G. Suggs	NCBITaxon:93612	Setosphaeria turcica
	Setosphaeria turcica (Luttr.)	NCBITaxon:93612	Setosphaeria turcica
	Sida micrantha mosaic virus	NCBITaxon:228897	Begomovirus
	Sida mottle virus	NCBITaxon:191460	Begomovirus
	Sorghum chlorotic spot virus	NCBITaxon:107804	Furovirus
	Sorghum mosaic virus	NCBITaxon:32619	Potyvirus
	Soybean blistering mosaic virus	NCBITaxon:408136	Begomovirus
	Soybean chlorotic mottle virus	NCBITaxon:10651	Soymovirus
	Soybean chlorotic spot virus	NCBITaxon:1221206	Begomovirus
	Soybean crinkle leaf virus	NCBITaxon:85753	Begomovirus
	Soybean dwarf virus	NCBITaxon:12049	Luteovirus
	Soybean mild mottle virus	NCBITaxon:761701	Begomovirus
	Soybean yellow mottle mosaic virus	NCBITaxon:578361	Tombusviridae
	Sphaeropsis porosa (Van Niekerk & Crous) A. J. L. Phillips & A. Alves	NCBITaxon:240344	Sphaeropsis porosa
	Spinach curly top virus	NCBITaxon:270342	Curtovirus
	Spinach severe curly top virus	NCBITaxon:873160	Curtovirus
	Spiroplasma citri Saglio	NCBITaxon:2133	Spiroplasma citri
	Spongospora subterranea (Wallr.) Lagerh. f. sp. subterranea Tomlinson	NCBITaxon:70186	Spongospora subterranea
	Sporisorium cruentum (Kühn) K. Vánky	NCBITaxon:185361	Sporisorium cruentum
	Sporisorium	NCBITaxon:63265	Sporisorium
	Sporisorium reilianum (J. G. Kühn Langdon & Full.	NCBITaxon:72558	Sporisorium reilianum
	Sporisorium reilianum (Kühn) Langdon & Fullerton	NCBITaxon:72558	Sporisorium reilianum
	Sporisorium sorghi Ehrenb. ex Link	NCBITaxon:63387	Sporisorium sorghi
	Sporisorium sorghi Link in Willd.	NCBITaxon:63387	Sporisorium sorghi
	Stachybotrys chartarum (Ehrenb.) S. Hughes	NCBITaxon:74722	Stachybotrys chartarum
	Stagonosporopsis caricae (Sydow & P. Sydow) Aveskamp	NCBITaxon:749887	Stagonosporopsis caricae
	Stemonitis spp.	NCBITaxon:137616	Stemonitis
	Stemphylium lycopersici (Enjoji) Yamamoto	NCBITaxon:183478	Stemphylium lycopersici
	Stemphylium solani Weber	NCBITaxon:110364	Stemphylium solani
	Stemphylium vesicarium (Wallr.) E. G. Simmons	NCBITaxon:119933	Stemphylium vesicarium
	Stenocarpella macrospora (Earle) B. Sutton	NCBITaxon:371126	Stenocarpella macrospora
	Stenocarpella maydis (Berk.) B. Sutton	NCBITaxon:238245	Stenocarpella maydis
	Stenocarpella maydis(Berk.) B. Sutton	NCBITaxon:238245	Stenocarpella maydis
	Strasseria geniculata (Berk. & Broome) Höhn.	NCBITaxon:1395782	Strasseria geniculata
	Streptomyces scabiei corr. (ex Thaxter) Lambert & Loria	NCBITaxon:1930	Streptomyces scabiei
	Striga hermonthica Benth.	NCBITaxon:68872	Striga hermonthica
	Subplenodomus apiicola (Kleb.) Gruyter	NCBITaxon:749645	Subplenodomus apiicola
	Sugarcane streak mosaic virus	NCBITaxon:53954	Poacevirus
	Sunflower chlorotic mottle virus	NCBITaxon:129732	Potyvirus
	Sunflower mild mosaic virus	NCBITaxon:715480	Potyviridae
	Sunflower mosaic virus	NCBITaxon:185017	Potyvirus
	Syncephalastrum spp.	NCBITaxon:13705	Syncephalastrum
	Tapinanthus spp.	NCBITaxon:50164	Tapinanthus
	Thanatephorus cucumeris [A. B. Frank)] Donk	NCBITaxon:107832	Thanatephorus cucumeris
	Thanatephorus cucumeris (Frank) Donk	NCBITaxon:107832	Thanatephorus cucumeris
	Thekopsora minima P. Syd. & Syd.	NCBITaxon:761846	Thekopsora minima
	Thielaviopsis basicola (Berk. & Broome) Ferraris (syn. Chalara elegans Nag Raj & W. B. Kendr.)	NCBITaxon:124036	Thielaviopsis basicola
	Thielaviopsis paradoxa (De Seyn.) Hohn.	NCBITaxon:13001	Thielaviopsis paradoxa
	Thyrostroma compactum (Sacc.) Hohn.	NCBITaxon:1871393	Thyrostroma compactum
	Tilletia barclayana (Bref.) Sacc. & Syd.	NCBITaxon:157178	Tilletia barclayana
	Tilletia horrida Takah.	NCBITaxon:155126	Tilletia horrida
	Tobacco leaf curl	NCBITaxon:587314	Tobacco leaf curl
	Tomato big bud phytoplasma (‘Candidatus Phytoplasma australasia’)	NCBITaxon:1735985	Tomato big bud phytoplasma
	Tomato chlorotic spot virus	NCBITaxon:12851	Tospoviridae
	Tomato necrotic dwarf virus	NCBITaxon:1481465	Torradovirus
	Trichoderma spp.	NCBITaxon:5543	Trichoderma
	Trichothecium roseum (Pers.) Link	NCBITaxon:47278	Trichothecium roseum
	Trochila sp. [teleomorph]	NCBITaxon:1792691	Trochila
	Tuberculina sp.	NCBITaxon:232893	Tuberculina
	Turnip mosaic virus	NCBITaxon:12230	Potyvirus
	Tylenchorhynchus brassicae Siddiqi	NCBITaxon:1544705	Tylenchorhynchus brassicae
	Tylenchorhynchus clarus Allen	NCBITaxon:1544706	Tylenchorhynchus clarus
	Tylenchorhynchus zeae Sethi & Swarup	NCBITaxon:436456	Tylenchorhynchus zeae
	Tyromyces fissilis (Berk. & M. A. Curtis) Donk	NCBITaxon:1040649	Tyromyces fissilis
	Urocystis hispanica (Syd.) Zundel)	NCBITaxon:1983700	Urocystis hispanica
	Urocystis occulta (Wallr.) Rabenh. ex Fuckel	NCBITaxon:1983702	Urocystis occulta
	Urocystis tritici Körn. (syns. Tuburcinia hispanica Syd.	NCBITaxon:1983703	Urocystis tritici
	Uromyces ciceris-arietini Jacz.	NCBITaxon:652030	Uromyces ciceris-arietini
	Uromyces coronatus Miyabe & Nishida ex Dietel	NCBITaxon:860301	Uromyces coronatus
	Uromyces junci (Desm.) Tul.	NCBITaxon:190630	Uromyces junci
	Ustilago maydis (DC.) Corda	NCBITaxon:5270	Ustilago maydis
	Vaccinium spp.	NCBITaxon:13749	Vaccinium
	Valdensinia heterodoxa Peyronel	NCBITaxon:54691	Valdensinia heterodoxa
	Verticillium isaacii Inderb. et al.	NCBITaxon:1051614	Verticillium isaacii
	Verticillium klebahnii Inderb. et al.	NCBITaxon:1051615	Verticillium klebahnii
	Verticillium spp.	NCBITaxon:301152	Verticillium
	Vitis vinifera L.	NCBITaxon:29760	Vitis vinifera
	Vittatidera zeaphila Bernard et al.	NCBITaxon:1031276	Vittatidera zeaphila
	Xanthomonas alfalfae subsp. citrumelonis Schaad et al. (syns. X. axonopodis pv. citrumelo (Gabriel et al.) Vauterin et al.	NCBITaxon:189396	Xanthomonas alfalfae citrumelonis
	Xanthomonas axonopodis pv. glycines (Nakano) Vauterin et al.	NCBITaxon:53413	Xanthomonas axonopodis
	Xanthomonas campestris (Pammel) Dowson pv. oryzae (Ishiyama) Dye	NCBITaxon:339	Xanthomonas campestris
	Xanthomonas campestris (Pammel) Dowson pv. oryzicola (Fang et al.) Dye	NCBITaxon:339	Xanthomonas campestris
	Xanthomonas campestris (Pammel) Dowson pv. pennamericanum	NCBITaxon:339	Xanthomonas campestris
	Xanthomonas campestris pv. cassiae (Kulkarni et al.) Dye	NCBITaxon:339	Xanthomonas campestris
	Xanthomonas campestris pv. citri (Hasse) Dye)	NCBITaxon:339	Xanthomonas campestris
	Xanthomonas campestris pv. citrumelo (Hasse))	NCBITaxon:339	Xanthomonas campestris
	Xanthomonas campestris pv.	NCBITaxon:339	Xanthomonas campestris
	Xanthomonas campestris pv. theicola Uehara	NCBITaxon:339	Xanthomonas campestris
	Xanthomonas campestris pv. vesicatoria (ex Doidge) Vauterin et al.	NCBITaxon:339	Xanthomonas campestris
	Xanthomonas citri subsp. citri (ex Hasse) Gabriel et al. (syns. X. axonopodis pv. citri Hasse	NCBITaxon:611301	Xanthomonas citri citri
	Xanthomonas cucurbitae (ex Bryan) Vauterin et al.	NCBITaxon:56453	Xanthomonas cucurbitae
	Xanthomonas euvesicatoria Jones et al.	NCBITaxon:456327	Xanthomonas euvesicatoria
	Xanthomonas gardneri (ex Šutić) Jones et al.	NCBITaxon:90270	Xanthomonas gardneri
	Xanthomonas oryzae (ex Ishiyama) Swings et al. pv. oryzae (ex Ishiyama) Swings et al.	NCBITaxon:347	Xanthomonas oryzae
	Xanthomonas oryzae (ex Ishiyama) Swings et al. pv. oryzicola (Fang et al.) Swings et al.	NCBITaxon:347	Xanthomonas oryzae
	Xanthomonas perforans Jones et al.	NCBITaxon:442694	Xanthomonas perforans
	Xanthomonas vasicola pv. holcicola (Elliott) Vauterin et al.	NCBITaxon:56459	Xanthomonas vasicola
	Xanthomonas vasicola pv. vasculorum (Cobb) comb. nov.	NCBITaxon:56459	Xanthomonas vasicola
	Xanthomonas vesicatoria (ex Doidge) Vauterin et al.	NCBITaxon:56460	Xanthomonas vesicatoria
	Xiphinema brevicolle Lordello & Da Costa	NCBITaxon:243734	Xiphinema brevicolle
	Xiphinema chambersi Thorne	NCBITaxon:208520	Xiphinema chambersi
	Xiphinema citricolum Lamberti & Bleve-Zacheo	NCBITaxon:346528	Xiphinema citricolum
	Xiphinema insigne Loos	NCBITaxon:266784	Xiphinema insigne
	Xiphinema laevistriatum Lamberti & Bleve-Zacheo	NCBITaxon:360274	Xiphinema laevistriatum
	Xiphinema vuittenezi Luc	NCBITaxon:191821	Xiphinema vuittenezi
	Xiphinema vulgare Tarjan	NCBITaxon:360275	Xiphinema vulgare
	Xylella fastidiosa Wells et al. subsp. multiplex Schaad et al.	NCBITaxon:644357	Xylella fastidiosa multiplex
	Xylophilus ampelinus (Panagopoulos 1969) Williams et al.	NCBITaxon:54067	Xylophilus ampelinus
	Yeast	NCBITaxon:293968	Yeast
	Zasmidium citri-griseum (F. E. Fisher) U. Braun (syns. Cercospora citri-grisea F. E. Fisher	NCBITaxon:1629917	Zasmidium citri-griseum
	Apium graveolens dulce	NCBITaxon:4045	Apium graveolens
	Musa	NCBITaxon:4640	Musa
